topology,valid,accepted,relaxed,cost,rms_mm,max_mm,smoothness,min_delta,shift,before_rms_mm,before_max_mm,refine_nfev,ls_polish_nfev,L0,L2,L3,L4,r_c,phi_c,gx,gy,L5,L6,pu,pv,printability_score,n_links,has_slider,min_link_mm,max_link_mm,printable,L1,rP,phiP,ratio,phase,r_p,phi_p,r,l,q,h,x0
wattI,True,True,True,0.0459429038420384,0.02746023939541796,0.06772937145895677,0.11940675752166492,2061.6903369965426,38,4.397528242923428,6.418481709513181,616,140,66.44640941958549,24.1545511174221,57.66358982738964,50.085406244099715,62.17305206556172,1.8396667591486642,50.85004742717424,35.70564114854752,85.79620147904174,88.1966512216706,-30.990055135656654,-27.422473465393725,0.7376196451142615,5,False,24.1545511174221,88.1966512216706,True,,,,,,,,,,,,
fourbar,True,True,True,0.1662650515550411,0.11433287705904074,0.21992171238324465,0.11831325905621798,6934.565391845625,40,5.0851038035786615,6.204885273798605,974,25,,31.07916333278453,80.76176691395072,107.16509364032883,,,,,,,,,0.14732113391652743,3,False,31.07916333278453,137.33716300448526,True,137.33716300448526,51.22782525912312,1.9249142170736617,,,,,,,,,
wattI,True,True,True,0.1831388142125106,0.12691162416308416,0.23933898666361786,0.11908709944768402,5889.275465508912,14,9.516165340041825,12.204647874992075,473,111,159.99943574923773,36.680453123585195,175.26430775014902,72.81759255390222,65.6137997085694,1.0426299440383653,166.3608429309615,89.99960068038408,74.4646659183311,177.34307960547977,3.0108353757419835,-12.020272235459599,0.8628124721626268,5,False,36.680453123585195,177.34307960547977,True,,,,,,,,,,,,
stephensonIII,True,True,True,0.20931070567320398,0.1496105620207361,0.25544320266754533,0.11675463552026287,3752.594247563421,0,7.768725552034556,10.353515102179612,363,75,159.99999998232389,42.32621940143633,125.44120140703691,83.33592679326257,78.67477139934923,-0.5938327882924099,,,114.72636960768135,96.97022335394034,-29.99999999949804,-17.442780218048803,0.8879270424208678,5,False,42.32621940143633,159.99999998232389,True,,,,,,,,,,,,
fourbar,True,True,True,0.3091090936679122,0.2238222071106402,0.3715727180837271,0.11802961929506993,10482.864943678544,31,4.1067049705495435,6.989072690286178,362,21,,37.35802563023789,99.57132753359224,120.93861260775975,,,,,,,,,0.27955811482319926,3,False,37.35802563023789,149.99999999999997,True,149.99999999999997,52.52979819696128,1.13977011852438,,,,,,,,,
stephensonIII,True,True,True,0.35956506021702284,0.26187739168388147,0.42752421730993545,0.11742284590274173,10367.484040170324,3,11.209886632397403,13.957701662952855,394,136,159.99999999999997,35.571230795133886,145.05014031566782,179.99999999999997,130.98876797678724,3.1415926535897927,,,179.99999999999997,112.25390009022274,112.94834229442367,-47.29900710285344,1.0260060242803717,5,False,35.571230795133886,179.99999999999997,True,,,,,,,,,,,,
stephensonI,True,True,True,0.36715358242408214,0.2645109595488008,0.4504240196644906,0.11830214650307494,6934.899623913622,26,5.461430406509533,7.808960077545948,262,28,159.99999934329338,40.32334138103384,120.8708125452866,91.33136592049281,,,,,111.78306275346085,125.70329806315118,37.1439561149019,40.26854592326994,1.0320745624984742,5,False,40.32334138103384,159.99999934329338,True,,,,,,,,,,,,
stephensonI,True,True,True,0.5576522705777659,0.4023458866152354,0.6899330660123465,0.11737031465272443,2235.5493696654166,0,1.875163570945172,3.441145310117704,653,22,159.99999999999616,34.33231449323446,140.41155248595686,119.4669834051601,,,,,123.34713383051363,72.44201579521948,29.302173998918242,-52.79993795315607,1.2058358465170873,5,False,34.33231449323446,159.99999999999616,True,,,,,,,,,,,,
gearedFiveBar,True,True,True,0.7227925355345881,0.4590570159242752,1.0585001548107982,0.12131049275654077,32.98364326922433,54,7.751011466107796,16.07681655558582,677,53,159.8147922723163,26.532927644115013,165.13914849152522,79.16230990254407,,,,,179.96307017774996,,,,1.3178320391458949,5,False,26.532927644115013,179.96307017774996,True,,,,-0.8553825051949823,-2.0572649522957893,123.7708152311884,-2.9332310022266053,,,,,
slidercrank,True,True,True,0.8666588831937465,0.6264922811740038,1.075666489453345,0.11733247800022686,70.46131422741473,7,3.843247781861287,5.8827819877512075,961,15,,,,,,,,,,,,,1.1378422545920055,2,True,40.927132272198094,111.38844649961283,True,,,,,,,,40.927132272198094,111.38844649961283,0.48781350849476546,59.99999999999999,57.19949270903236
gearedFiveBar,True,True,True,1.1778944770224566,0.6877663384320319,1.8518267191221733,0.16835794118758396,1.4527986575506446,103,9.130170201846694,15.293014466859624,278,48,76.18395081969997,25.883834938717886,67.49706908239739,10.000000279549196,,,,,44.51301664212794,,,,2.265540346300358,5,False,10.000000279549196,76.18395081969997,False,,,,2.0859984600505928,-0.44928917753275294,115.21604529067537,-3.034116576903619,,,,,
slidercrank,True,True,True,0.968103605436641,0.6951862509097222,1.2251497210899143,0.11281386290458953,165.0141464572307,0,1.5582904566792346,2.7264606091621584,864,23,,,,,,,,,,,,,1.8289587090732096,2,True,44.9858535217693,209.999999979,False,,,,,,,,44.9858535217693,209.999999979,0.5670897417720605,-0.8356382802682253,59.999999994
stephensonII,True,False,False,24.51387824449001,18.954526140773183,25.213829914985233,0.3980034605361437,217.12357365337638,51,19.58554449954796,26.537274196190758,333,140,147.41139122614658,26.571074013968257,35.38166549939921,156.18666593557646,,,,,153.90519084308247,146.55215198805934,179.57178705734532,45.71203793909215,25.436600628020965,5,False,26.571074013968257,156.18666593557646,True,,,,,,,,,,,,
wattII,True,False,False,24.517890075045884,18.99532422492199,25.047123578883802,0.4066220923151749,7073.3732909484115,13,19.48476201699958,25.688791950487268,808,33,120.8256942984433,58.91749739075171,140.32761373317888,141.88181588545493,135.67921652404812,-0.8674053991404117,165.1212591125963,67.42424614755272,59.771960164456665,177.5647269736001,132.1387049148183,39.70464455908294,25.45239276175456,5,False,58.91749739075171,177.5647269736001,True,,,,,,,,,,,,
stephensonII,True,False,False,24.53514201404531,19.009291716287052,25.061931924740044,0.4075091438483124,1925.3495036737854,29,19.49023280412915,27.141113827434044,624,50,126.92834994210128,35.98132992916589,78.44231976631283,126.40573877687847,,,,,50.39208476371807,69.00670751570712,-7.176433454581286,31.81666232885524,25.46858150499806,5,False,35.98132992916589,126.92834994210128,True,,,,,,,,,,,,
wattII,True,False,False,24.578599480063907,19.055014959734887,25.052648296763305,0.40006316803653186,1713.889171656681,46,19.377472631153825,27.821958673510984,600,33,97.96620267157388,51.773194307299605,77.61215521994278,120.2302579780517,24.53707132909439,-1.151863836043391,26.46593463984212,-4.511713833806419,90.35608705364915,112.33420657876351,20.992731416846578,-9.808159133480657,25.512912204249382,5,False,51.773194307299605,120.2302579780517,True,,,,,,,,,,,,
