x,y
45.21843265005928,-0.8394975986782222
44.93473022119556,1.0114391253939854
44.4264929359133,2.8131155873672347
43.71973761820876,4.546664742067221
42.841897143813675,6.200597916974022
41.819112501579006,7.769515935157235
40.674705602084245,9.252434057624884
39.428600457448304,10.651215759322776
38.09735227165489,11.969338114139815
36.69449080867748,13.211023639428845
35.23097953592985,14.380682552016637
33.71567816525556,15.482583974428161
32.155755871370346,16.520681315727263
30.557037554916814,17.498534320270192
28.918453570280345,18.408236528359883
27.248317724385494,19.25812883023913
25.552554551543203,20.055308749718343
23.833861114614518,20.801893678082894
22.094501347959987,21.4996406225387
20.33125152338269,22.13483007320563
18.550838986840976,22.719460262898806
16.75618312818558,23.258514372667932
14.948487782919498,23.752634381984816
13.126679652288916,24.19255564457472
11.292696360676429,24.5778698545804
9.450100910967826,24.918895579104284
7.599736944882203,25.215398846628712
5.741940892072939,25.46260201868914
3.8771978479659412,25.649643811527085
2.008604223922376,25.790712655791364
0.13706311036626276,25.884843731974144
-1.7364390911777896,25.930884740015326
-3.6105622741386374,25.91754767890436
-5.483280344719987,25.847691305533726
-7.353228029992798,25.72625417386375
-9.218937133927282,25.55154182639922
-11.078743988574379,25.3217309629671
-12.930764771764114,25.034891773182185
-14.77160499549189,24.683007057946785
-16.59908848504307,24.26776980342896
-18.41139569885546,23.79109783180083
-20.205774127438275,23.251088694693408
-21.979193905526206,22.64591762249833
-23.728348110140267,21.973887767178145
-25.449660046094532,21.233481124095107
-27.139297113591358,20.423407206923706
-28.793189880189665,19.5426463138831
-30.40705391016556,18.59048432056341
-31.976410851342084,17.566536424973414
-33.496604373809056,16.47075817192517
-34.95632238201195,15.295664041222938
-36.35377933517147,14.047362070702913
-37.684676224025,12.728440275354165
-38.94328134497682,11.340275772639384
-40.1101904572121,9.874289221195236
-41.18474321333185,8.339383918427082
-42.15685054757217,6.737773381112851
-43.00094634667843,5.065118229733461
-43.71311928757659,3.33257064537941
-44.263180539106465,1.5417855301916346
-44.62527883969371,-0.2956139062847084
-44.7815673499407,-2.1614375715538707
-44.70492642976843,-4.032720708341186
-44.36027099551499,-5.873458690642995
-43.76194447913588,-7.647039768152263
-42.92870318039521,-9.323150336345732
-41.88734212344737,-10.87979474234388
-40.66475657460716,-12.298476566094623
-39.31486607271665,-13.597277561774135
-37.85128096000012,-14.766667682813464
-36.306989519826416,-15.827464701843965
-34.701081400688714,-16.79268756802543
-33.04525211063812,-17.669966247480048
-31.348616646639616,-18.4658622387373
-29.61870258673013,-19.186732731191878
-27.863484762754165,-19.843610916711143
-26.087417437491403,-20.44195868514326
-24.293186781930586,-20.983486096043265
-22.483996501958085,-21.47253519081394
-20.662756859226324,-21.914311881104524
-18.83147834487692,-22.312205724986885
-16.99178674954895,-22.66914130356165
-15.145003798591823,-22.987643334696134
-13.292201888567702,-23.269850110520814
-11.432752435308053,-23.50428787168094
-9.56948654864349,-23.705024864528646
-7.703039605679589,-23.87343150889267
-5.833938324668026,-24.010679072976494
-3.9621124751309877,-24.104399781015548
-2.0890284097717866,-24.164589271044843
-0.21524014465622704,-24.195004936948482
1.6589304144307906,-24.194459444731972
3.532490606046445,-24.147424603536894
5.4049171731175925,-24.070323600938213
7.2759097047409504,-23.96302984617422
9.144205432386409,-23.81475086528961
11.008614331758501,-23.62487177076288
12.86930424121307,-23.402096414975336
14.725780840352524,-23.145412516211024
16.57399910459289,-22.83459934107424
18.414815769962882,-22.48370795789804
20.247558117773504,-22.092978096079598
22.071007504510565,-21.65999765871823
23.877982844957042,-21.16264898713173
25.670120100168187,-20.61518829375548
27.44509290153554,-20.014781622763373
29.19960343072972,-19.356776200505767
30.929434882318724,-18.635705496767965
32.62352474630539,-17.834097665688454
34.27848947057099,-16.955161523353393
35.886850019722445,-15.994154531860527
37.43754281260139,-14.94305529195675
38.916505004644726,-13.793569655209446
40.306081588469915,-12.537790894013348
41.58458285249202,-11.169279702153435
42.72625520904423,-9.684634016078927
43.69427865159841,-8.081385087870487
44.44022049076014,-6.364145397192279
44.95303126364989,-4.564531915186123
45.214554626375474,-2.711717000369104
