topology,valid,accepted,relaxed,cost,rms_mm,max_mm,smoothness,min_delta,shift,before_rms_mm,before_max_mm,refine_nfev,ls_polish_nfev,L0,L2,L3,L4,r_c,phi_c,gx,gy,L5,L6,pu,pv,printability_score,n_links,has_slider,min_link_mm,max_link_mm,printable,ratio,phase,r_p,phi_p,L1,rP,phiP,r,l,q,h,x0
wattI,True,True,True,0.5979689295788692,0.3023524139155358,1.3090965767144511,0.253842292871802,656.1350424546159,61,4.0017949765286644,8.997804656030308,1531,134,159.99994571239662,55.63843288751164,73.60964483381602,143.24558242457366,60.95390901200671,-0.16686024277912317,162.35424521897252,-36.60448387967503,20.0000134442846,145.2312945403472,5.05331985916722,-57.844604708788005,1.1987169004227034,5,False,20.0000134442846,159.99994571239662,True,,,,,,,,,,,,
wattI,True,False,True,2.0535159917562695,1.1203543920470536,4.209666228410054,0.15545174247678928,48.51782675956201,92,11.674706675003824,17.419080781786366,3029,255,73.70280577287755,43.66658617034802,51.86115985591715,65.55802219991615,16.155389986249652,0.9837720587742501,146.12335409188415,68.78532157866142,175.18967218283925,56.59551020839428,-19.11794693408605,-35.121544550552876,4.451804326308562,5,False,43.66658617034802,175.18967218283925,True,,,,,,,,,,,,
wattI,True,False,True,2.0036582174921307,1.1228068885651403,3.9858157960923153,0.13239512622270083,1358.9041676549532,96,3.893392176882591,9.720829139539775,2777,300,133.8239472887027,43.24124233842323,72.76073040722754,139.55491853381122,95.93919124229765,0.9354632289796615,209.99751732943218,-40.5733501022552,124.59962517840717,179.99562228200733,75.74156699082835,-78.51729636981099,4.420679257978987,5,False,43.24124233842323,179.99562228200733,True,,,,,,,,,,,,
wattI,True,False,True,1.6784422745521996,1.1280970047234733,2.4812437553409303,0.1490547884573851,3194.1485315269165,86,8.097099416417477,17.457997858266694,914,101,78.17847710826119,38.62418147152863,145.48248508181706,179.7298622650992,67.46471347543677,0.23022209899205068,69.92672801901023,89.999999991,94.31168038807438,73.18911553242812,-49.999999995,-79.99999987041339,4.200283568024613,5,False,38.62418147152863,179.7298622650992,True,,,,,,,,,,,,
stephensonIII,True,False,True,2.4255756777005333,1.1863849471427785,5.601507658656935,0.22863485510763948,340.4667524243081,108,3.9326927084698853,7.2848524308733245,402,150,64.20854245970068,23.403664862599115,58.30648292221062,29.690781165622866,87.89738477028236,2.562432195864673,,,72.12461889932453,98.10518330530645,39.01645987036662,-69.99132971626669,4.726611095941319,5,False,23.403664862599115,98.10518330530645,True,,,,,,,,,,,,
stephensonIII,True,False,True,1.7670303373456229,1.197939387663052,2.559770639514612,0.19804696631188126,226.34962508960325,63,5.443437946642143,10.256121981633216,493,81,159.99943300295388,54.934796651497024,150.68249434926693,71.14547441960252,44.127197913160536,0.40819488888830796,,,164.6555448848345,82.00182120723099,28.131270872569328,-19.650733290531285,4.281904983590244,5,False,54.934796651497024,164.6555448848345,True,,,,,,,,,,,,
gearedFiveBar,True,False,True,2.214933952779605,1.2104993654937068,4.21413521474855,0.1385751458061658,4.27025895810516,106,7.623375715569493,16.070281302193564,1327,300,89.11943296924406,38.94650204634556,96.43184771198536,94.44939363926368,,,,,113.38121764986872,,,,4.5426196477059895,5,False,38.94650204634556,113.38121764986872,True,-0.9704491907195877,-1.4225820727938128,85.1954274691538,-3.1245990915614135,,,,,,,,
stephensonIII,True,False,True,2.37442182093411,1.2994256235052746,4.8683225114178,0.1321748305639816,151.20590809075384,73,5.886549653286203,14.204759029979934,517,300,79.53622439234242,30.934966940324745,102.18364395777601,67.54967307672189,70.04812028593844,1.73273763785487,,,103.87324615730654,64.22820473637022,14.417556757579328,-25.381187834297535,4.729674000217945,5,False,30.934966940324745,103.87324615730654,True,,,,,,,,,,,,
fourbar,True,False,True,2.3439885281741772,1.3955696155024369,4.293452128624787,0.12864814580958175,3186.255341487863,69,4.002620591033589,8.338802973361595,1681,163,,34.380339163859425,164.9999127502719,126.31566745267699,,,,,,,,,4.039587434796155,3,False,34.380339163859425,164.9999127502719,True,,,,,78.94998081976345,30.094223801396762,1.4364610561134423,,,,,
stephensonI,True,False,True,2.3614876034740058,1.3989326385611662,4.357767955964639,0.12820048668730574,1450.7753683932033,75,4.026083477075136,8.000609787572847,1212,88,67.05602905673622,35.04838267905896,114.32283238985131,85.88107782339644,,,,,179.99999999999997,167.6916780509571,10.77280253018765,25.068050520261043,4.752597831955862,5,False,35.04838267905896,179.99999999999997,True,,,,,,,,,,,,
stephensonI,True,False,True,2.3743013014825625,1.4008801097562043,4.407223250045621,0.1277358905440585,50.00143483706009,81,9.568581273220197,13.55443711092655,317,95,68.85860487405036,36.48808823534245,110.64992181568208,78.28386374576202,,,,,157.7627498005094,164.44406831645227,15.503283541834424,20.811286552902896,4.761963597263048,5,False,36.48808823534245,164.44406831645227,True,,,,,,,,,,,,
fourbar,True,False,True,2.376898576950141,1.4014495658157733,4.416467446691086,0.12753909541096178,4885.850663781673,84,4.015131362374346,7.754653919906824,495,45,,37.18089723622491,148.542374926868,164.99990984182784,,,,,,,,,4.063919682819436,3,False,37.18089723622491,164.99990984182784,True,,,,,72.60257582833177,25.338850794058363,0.8400767890447739,,,,,
gearedFiveBar,True,False,True,2.394439074419842,1.5556355141734197,3.6333518152380457,0.12060155794906412,27.59492865276229,91,19.136389959201466,24.515820942692407,2438,150,147.84882088219842,40.4659872413302,107.82489108195433,40.20336710212304,,,,,163.55885242458547,,,,4.800638286459127,5,False,40.20336710212304,163.55885242458547,True,0.057906840853493145,2.3507755584736993,89.47195719063394,2.978917541898652,,,,,,,,
gearedFiveBar,True,False,True,2.449461034451419,1.6007043817561908,3.6366050285101625,0.14895791181804666,22.353244332218196,79,17.140353982006367,26.818070189662308,895,38,150.74059993558274,45.725679083675146,82.89674351070765,17.148184237555242,,,,,155.65998051981185,,,,4.846195136032716,5,False,17.148184237555242,155.65998051981185,True,-1.0803595334463794,-0.9915577784691313,50.060696819702855,2.9993775586647793,,,,,,,,
stephensonIII,True,False,True,2.9578707511633855,1.7036952196311625,5.682490786180941,0.13425195241385626,375.56854730676866,52,6.138037537313153,11.096301852382318,3283,300,159.99615877250992,47.08575910814991,121.98911865304609,85.12560366888155,52.643722616255204,-0.1009315754987406,,,96.95120783007926,79.04870131128983,-29.97249185213592,-66.41520502339503,5.256068837558304,5,False,47.08575910814991,159.99615877250992,True,,,,,,,,,,,,
gearedFiveBar,True,False,True,2.615919589599467,1.7607544869055147,3.54563754322429,0.17521031231616413,6.3321663655478915,64,16.458391536819594,27.46278333901018,559,135,130.20972644447073,35.46363747925766,134.58844441911194,94.99999974235006,,,,,107.19276762609823,,,,4.992600118389158,5,False,35.46363747925766,134.58844441911194,True,-0.35132137207581,2.8283213488966314,149.99999997824952,-2.725958837878421,,,,,,,,
stephensonI,True,False,True,2.6491734953436787,1.7745867188502085,3.957403020828428,0.12303207684559973,1186.1857341338127,109,2.5242244593145062,5.596316608368865,674,236,146.58614563721957,34.40261681233973,118.88526704500134,179.99961232173524,,,,,38.34945380872762,143.3533872950687,-13.255196031221667,-3.8658793103520046,5.0681971719744725,5,False,34.40261681233973,179.99961232173524,True,,,,,,,,,,,,
fourbar,True,False,True,2.6589393093509184,1.7898634801223094,3.933551027814101,0.12315343698355323,950.2082669036436,109,6.007030522612108,11.529782355629237,565,190,,34.46207653180999,38.36273204694263,136.99524434428193,,,,,,,,,4.379896134294425,3,False,34.46207653180999,140.40127775286538,True,,,,,140.40127775286538,13.705984037994442,-2.830414811523173,,,,,
stephensonI,True,False,True,2.6025710468906103,1.8061279066422742,3.6036885989210683,0.12105494952337073,51.20599749987204,107,4.897550976488543,8.84524724239492,505,300,103.70689747504231,34.35975128468316,63.96844955616691,74.10020250905737,,,,,38.649999258558786,99.57140071297579,-13.559439949619101,-2.450986912367416,5.046681196480434,5,False,34.35975128468316,103.70689747504231,True,,,,,,,,,,,,
slidercrank,True,False,True,3.009023065648342,1.8171572606346522,5.049978970347604,0.12719176596747545,1.8408259011298682,66,2.206548963185968,4.369983415227318,325,24,,,,,,,,,,,,,4.924654106186793,2,True,40.504428486309706,42.345254387439574,True,,,,,,,,40.504428486309706,42.345254387439574,0.03229032787090858,18.462134629711066,18.9527089808028
slidercrank,True,False,True,3.094317569342518,1.9708549207037425,4.76005238621139,0.12158575232612368,4.62278056094636,61,2.4195050141020755,4.715056060996345,182,18,,,,,,,,,,,,,5.034862778635452,2,True,43.92416275311018,48.54694331405654,True,,,,,,,,43.92416275311018,48.54694331405654,0.18671776493431733,12.571254692737543,8.725295819621055
fourbar,True,False,True,3.285770889073243,1.9715209462453451,5.955785517656916,0.1325709647791916,832.3937455851924,53,4.252009962260229,9.52089242390922,173,26,,44.17919130824439,144.6619517652408,49.76573484049033,,,,,,,,,4.864888773893883,3,False,44.17919130824439,149.99999826309656,True,,,,,149.99999826309656,41.62486008393253,-0.8436834988499607,,,,,
slidercrank,True,False,True,3.077206341447276,2.0799499231690226,4.150394226530993,0.1389896567940919,7.889923381299013e-07,50,2.581874292568282,5.049967714132174,465,69,,,,,,,,,,,,,5.052509057148672,2,True,45.48571864184018,45.48571943083252,True,,,,,,,,45.48571864184018,45.48571943083252,0.3240697066903919,-9.733729123662613,30.96884244809195
slidercrank,True,False,True,3.0240611864381313,2.08533900819682,3.886232049601887,0.12571050134845282,0.01261731972351754,54,2.5228601632804115,4.751036183334602,324,90,,,,,,,,,,,,,5.018273815637103,2,True,46.398636298727155,46.41125361845067,True,,,,,,,,46.398636298727155,46.41125361845067,0.3367514106251233,-1.1352793230938094,23.039401108829257
stephensonII,True,False,False,32.73997536468193,25.24669471853462,33.97710222194345,0.6106052439918952,476.4800633987079,59,25.38347261980884,35.38368121089048,807,179,56.275987277161676,22.468806418096968,144.64658105310033,115.23869910149955,,,,,36.01855402714615,158.03344477034335,49.33264443400529,-3.8669519756399158,33.04326005182614,5,False,22.468806418096968,158.03344477034335,True,,,,,,,,,,,,
stephensonII,True,False,False,32.78102310252347,25.25491823884794,34.126092715822836,0.612148873150132,66.23931438053705,57,25.46161714415278,35.00469779380663,474,146,141.35963577619327,45.707117088537714,156.6829420686074,74.7325908122499,,,,,46.2420914283748,157.22439216465304,16.091194290282044,19.101367108829923,33.07383214622136,5,False,45.707117088537714,157.22439216465304,True,,,,,,,,,,,,
stephensonII,True,False,False,32.742044994861125,25.2662597155152,33.930310622425935,0.36353235210847473,8955.73018176836,79,25.518248555494893,34.25842657721193,568,49,112.92259245580279,37.586189857922136,118.87892500458844,141.14337439350177,,,,,126.82387439873412,121.78715734453327,3.57777936504432,-52.79658631527684,33.055806308879085,5,False,37.586189857922136,141.14337439350177,True,,,,,,,,,,,,
wattII,True,False,False,32.75952900131746,25.267491969075483,34.0046535512706,0.3671083654148825,6421.215883370479,82,25.317655187033388,34.101801362189406,531,36,78.0944245497195,28.666606713304304,130.08838489794422,141.5538565919627,51.07558889358583,-0.8337142953501588,129.17376692987625,-27.074973229891107,108.2968418690814,86.24498910736597,-20.766820815757193,65.53798356807934,33.06819000176607,5,False,28.666606713304304,141.5538565919627,True,,,,,,,,,,,,
stephensonII,True,False,False,32.748116182048186,25.272305502579837,33.9268787643189,0.3965783772730223,7367.808722679588,92,25.474446942588134,34.47153138749035,414,59,92.51626448244153,28.333908937275048,126.81828385345936,164.6841290649224,,,,,143.73016424734118,81.16772208296116,-5.316340925332315,14.621130939131291,33.06133731722767,5,False,28.333908937275048,164.6841290649224,True,,,,,,,,,,,,
wattII,True,False,False,32.75149209698244,25.272709276102177,33.92979710877504,0.47424856499177437,8986.240238433833,81,25.474377301793382,34.73507270600808,678,102,130.41758913055588,40.31256853935513,100.35061034582044,142.11296416406967,49.42769299900892,-1.8417017814670118,162.9208954364206,18.146164405285628,151.85261278770136,74.10827441256008,-34.03910020898579,-38.14646567333688,33.06217884241843,5,False,40.31256853935513,151.85261278770136,True,,,,,,,,,,,,
wattII,True,False,False,32.82649097612454,25.32889002518346,34.04344071717555,0.2681331054153299,3667.479100616084,53,25.310750266752713,34.508089465223975,1252,300,98.27972654195518,20.42484491227139,110.52278957777065,52.04430170356391,146.16891146473552,1.525018606006621,177.23443667277257,-64.09948785108948,85.06483996788778,156.32787376647138,97.93260768106344,8.898078666694085,33.13540613275979,5,False,20.42484491227139,156.32787376647138,True,,,,,,,,,,,,
wattII,True,False,False,32.882106836690085,25.38071736808243,34.04200846826934,0.40492018628015963,3218.108122224437,94,25.38071736808243,34.04200846826934,404,45,114.05498754341812,33.898597412274455,67.98904374012035,131.1566139146746,31.92889575754324,0.12345161460270937,94.60268969737126,17.047681440575094,44.49948161840225,78.44022713988784,17.153081468573717,57.27223761145098,33.187018638322826,5,False,33.898597412274455,131.1566139146746,True,,,,,,,,,,,,
